<?xml version="1.0" encoding="UTF-8" ?>
<!DOCTYPE struts PUBLIC "-//Apache Software Foundation//DTD Struts Configuration 2.1//EN" "http://struts.apache.org/dtds/struts-2.1.dtd">
<struts>

<constant name="struts.devMode" value="true"/>
<package name="default" extends="struts-default">

<action name="Login" class="p.Login" method="execute"> 
<result name="ok">Admin.html</result>
<result name="fail">Login.jsp</result>
</action>

<action name="AddAirFrame" class="p.AddAirFrame" method="execute"> 
<result name="success">AddAirFrame.jsp</result>
<result name="fail">AddAirFrame.jsp</result>
</action>

<action name="AddEngineer" class="p.AddEngineer" method="execute"> 
<result name="success">AddEngineers.jsp</result>
<result name="fail">AddEngineers.jsp</result>
</action>

<action name="AddFlightHours" class="p.AddFlightHours" method="execute"> 
<result name="success">AddFlightHours.jsp</result>
<result name="fail">AddFlightHours.jsp</result>
</action>

<action name="AddScheduleMaintenance" class="p.AddScheduleMaintenance" method="execute"> 
<result name="success">AddScheduleMaintenance.jsp</result>
<result name="fail">AddScheduleMaintenance.jsp</result>
</action>


</package>
</struts>    


